{
  "verdict": {
    "type": "STRUCTURALLY_COHERENT_INTENT_MATCH",
    "message": "\u2705 STRUCTURALLY COHERENT - Struttura e Intent allineati",
    "confidence": 85
  },
  "portfolio": {
    "risk_intent": "GROWTH_DIVERSIFIED",
    "structure_type": "EQUITY_MULTI_BLOCK",
    "composition": {
      "CSPX.L": 0.22110552763819094,
      "USSC.L": 0.12562814070351758,
      "IMEU.L": 0.12060301507537687,
      "CUKS.L": 0.04020100502512562,
      "CUKX.L": 0.02010050251256281,
      "SJPA.L": 0.06030150753768843,
      "ISJP.L": 0.030150753768844216,
      "EMIM.L": 0.12060301507537687,
      "ITWN.L": 0.05025125628140703,
      "WSML.L": 0.05025125628140703,
      "SEMI.L": 0.04020100502512562,
      "DFNS.L": 0.08040201005025124,
      "INFR.L": 0.04020100502512562
    }
  },
  "metrics": {
    "cagr": 0.13343252220832325,
    "sharpe": 0.6698966569831327,
    "sortino": 1.1131771497282674,
    "max_drawdown": -0.31957003591099237,
    "volatility": 0.1819567520121962,
    "var_95": 0.0,
    "cvar_95": 0.0,
    "cagr_ci_lower": 0.06772551614731806,
    "cagr_ci_upper": 0.21929918385393518,
    "sharpe_ci_lower": 0.19949382981692745,
    "sharpe_ci_upper": 1.1337204112433479,
    "profit_factor": 1.174976920197237,
    "win_rate_monthly": 0.6439024390243903
  },
  "quality": {
    "is_actionable": true,
    "issues": [],
    "score": 100
  },
  "recommendations": {
    "prescriptive_actions": [],
    "allowed_actions": [
      "Portfolio restructuring",
      "Asset rebalancing",
      "Risk adjustment"
    ],
    "prohibited_actions": []
  },
  "metadata": {
    "timestamp": "2026-01-11T11:47:52.408503",
    "portfolio_id": null
  }
}